acteurs,actors,date,description,duree,durée,genre,original_title,public,score,title
"Tim Robbins,Morgan Freeman,Bob Gunton",,1994,"Two imprisoned men bond over a number of years, finding solace and eventual redemption through acts of common decency.",142,,Drama,,R,9.3,The Shawshank Redemption
"Matthew Broderick,Jeremy Irons,James Earl Jones",,1994,"Lion prince Simba and his father are targeted by his bitter uncle, who wants to ascend the throne himself.",88,,Animation,,G,8.5,The Lion King
"Jean Reno,Gary Oldman,Natalie Portman",,1994,"12-year-old Mathilda is reluctantly taken in by Léon, a professional assassin, after her family is murdered. An unusual relationship forms as she becomes his protégée and learns the assassin's trade.",110,,Action,,R,8.5,Léon: The Professional
"Song Kang-ho,Lee Sun-kyun,Cho Yeo-jeong",,2019,Greed and class discrimination threaten the newly formed symbiotic relationship between the wealthy Park family and the destitute Kim clan.,132,,Drama,,R,8.5,Parasite
"Adrien Brody,Thomas Kretschmann,Frank Finlay",,2002,A Polish Jewish musician struggles to survive the destruction of the Warsaw ghetto of World War II.,150,,Biography,,R,8.5,The Pianist
"Anthony Perkins,Janet Leigh,Vera Miles",,1960,"A Phoenix secretary embezzles $40,000 from her employer's client, goes on the run and checks into a remote motel run by a young man under the domination of his mother.",109,,Horror,,R,8.5,Psycho
"Daveigh Chase,Suzanne Pleshette,Miyu Irino",,2001,"During her family's move to the suburbs, a sullen 10-year-old girl wanders into a world ruled by gods, witches, and spirits, and where humans are changed into beasts.",125,,Animation,,PG,8.6,Spirited Away
"Michael J. Fox,Christopher Lloyd,Lea Thompson",,1985,"Marty McFly, a 17-year-old high school student, is accidentally sent 30 years into the past in a time-traveling DeLorean invented by his close friend, the maverick scientist Doc Brown.",116,,Adventure,,PG,8.5,Back to the Future
"Arnold Schwarzenegger,Linda Hamilton,Edward Furlong",,1991,"A cyborg, identical to the one who failed to kill Sarah Connor, must now protect her 10-year old adolescent son John from an even more advanced and powerful cyborg.",137,,Action,,R,8.6,Terminator 2: Judgment Day
"Mark Hamill,Harrison Ford,Carrie Fisher",,1977,"Luke Skywalker joins forces with a Jedi Knight, a cocky pilot, a Wookiee and two droids to save the galaxy from the Empire's world-destroying battle station, while also attempting to rescue Princess Leia from the mysterious Darth Vader.",121,,Action,,PG,8.6,Star Wars: Episode IV - A New Hope
"Tom Hanks,Michael Clarke Duncan,David Morse",,1999,"The lives of guards on Death Row are affected by one of their charges: a black man accused of child murder and rape, yet who has a mysterious gift.",189,,Crime,,R,8.6,The Green Mile
"Matthew McConaughey,Anne Hathaway,Jessica Chastain",,2014,A team of explorers travel through a wormhole in space in an attempt to ensure humanity's survival.,169,,Adventure,,PG-13,8.6,Interstellar
"Roberto Benigni,Nicoletta Braschi,Giorgio Cantarini",,1997,"When an open-minded Jewish waiter and his son become victims of the Holocaust, he uses a perfect mixture of will, humor, and imagination to protect his son from the dangers around their camp.",116,,Comedy,,PG-13,8.6,Life Is Beautiful
"Tom Hanks,Matt Damon,Tom Sizemore",,1998,"Following the Normandy Landings, a group of U.S. soldiers go behind enemy lines to retrieve a paratrooper whose brothers have been killed in action.",169,,Drama,,R,8.6,Saving Private Ryan
"Alexandre Rodrigues,Leandro Firmino,Matheus Nachtergaele",,2002,"In the slums of Rio, two kids' paths diverge as one struggles to become a photographer and the other a kingpin.",130,,Crime,,R,8.6,City of God
"Jodie Foster,Anthony Hopkins,Lawrence A. Bonney",,1991,"A young F.B.I. cadet must receive the help of an incarcerated and manipulative cannibal killer to help catch another serial killer, a madman who skins his victims.",118,,Crime,,R,8.6,The Silence of the Lambs
"Ben Kingsley,John Gielgud,Rohini Hattangadi",,1982,The life of the lawyer who became the famed leader of the Indian revolts against the British rule through his philosophy of nonviolent protest.,191,,Biography,,PG,8.1,Gandhi
"Viola Davis,Emma Stone,Octavia Spencer",,2011,"An aspiring author during the civil rights movement of the 1960s decides to write a book detailing the African American maids' point of view on the white families for which they work, and the hardships they go through on a daily basis.",146,,Drama,,PG-13,8.1,The Help
"Eli Marienthal,Harry Connick Jr.,Jennifer Aniston",,1999,A young boy befriends a giant robot from outer space that a paranoid government agent wants to destroy.,86,,Animation,,PG,8.1,The Iron Giant
"Scott Weinger,Robin Williams,Linda Larkin",,1992,A kindhearted street urchin and a power-hungry Grand Vizier vie for a magic lamp that has the power to make their deepest wishes come true.,90,,Animation,,G,8.0,Aladdin
"Maksim Munzuk,Yuriy Solomin,Mikhail Bychkov",,1975,The Russian army sends an explorer on an expedition to the snowy Siberian wilderness where he makes friends with a seasoned local hunter.,142,,Adventure,,G,8.2,Dersu Uzala
"Michelle Yeoh,Stephanie Hsu,Jamie Lee Curtis",,2022,"An aging Chinese immigrant is swept up in an insane adventure, in which she alone can save the world by exploring other universes connecting with the lives she could have led.",139,,Action,,R,8.1,Everything Everywhere All at Once
"Graham Chapman,John Cleese,Michael Palin",,1979,"Born on the original Christmas in the stable next door to Jesus Christ, Brian of Nazareth spends his life being mistaken for a messiah.",94,,Comedy,,R,8.0,Life of Brian
"Julie Andrews,Christopher Plummer,Eleanor Parker",,1965,A young novitiate is sent by her convent in 1930s Austria to become a governess to the seven children of a widowed naval officer.,172,,Biography,,G,8.1,The Sound of Music
"Bibi Andersson,Liv Ullmann,Margaretha Krook",,1966,A nurse is put in charge of a mute actress and finds that their personae are melding together.,83,,Drama,,Not Rated,8.1,Persona
"Clark Gable,Claudette Colbert,Walter Connolly",,1934,"A renegade reporter trailing a young runaway heiress for a big story joins her on a bus heading from Florida to New York, and they end up stuck with each other when the bus leaves them behind at one of the stops.",105,,Comedy,,Passed,8.1,It Happened One Night
"Kim Min-hee,Ha Jung-woo,Cho Jin-woong",,2016,"A woman is hired as a handmaiden to a Japanese heiress, but secretly she is involved in a plot to defraud her.",145,,Drama,,Not Rated,8.1,The Handmaiden
"Jean-Pierre Léaud,Albert Rémy,Claire Maurier",,1959,"A young boy, left without attention, delves into a life of petty crime.",99,,Crime,,Not Rated,8.1,The 400 Blows
"Paul Newman,George Kennedy,Strother Martin",,1967,"A laid back Southern man is sentenced to two years in a rural prison, but refuses to conform.",127,,Crime,,GP,8.1,Cool Hand Luke
"Emilio Echevarría,Gael García Bernal,Goya Toledo",,2000,"A horrific car accident connects three stories, each involving characters dealing with loss, regret, and life's harsh realities, all in the name of love.",154,,Drama,,R,8.1,Amores Perros
"Laurence Olivier,Joan Fontaine,George Sanders",,1940,A self-conscious woman juggles adjusting to her new role as an aristocrat's wife and avoiding being intimidated by his first wife's spectral presence.,130,,Drama,,Approved,8.1,Rebecca
"Çetin Tekindor,Fikret Kuskan,Hümeyra",,2005,,112,,Drama,,Not Rated,8.2,My Father and My Son
"Henry Fonda,Jane Darwell,John Carradine",,1940,"An Oklahoma family, driven off their farm by the poverty and hopelessness of the Dust Bowl, joins the westward migration to California, suffering the misfortunes of the homeless in the Great Depression.",129,,Drama,,Passed,8.1,The Grapes of Wrath
"Johnny Depp,Geoffrey Rush,Orlando Bloom",,2003,"Blacksmith Will Turner teams up with eccentric pirate ""Captain"" Jack Sparrow to save his love, the governor's daughter, from Jack's former pirate allies, who are now undead.",143,,Action,,PG-13,8.1,Pirates of the Caribbean: The Curse of the Black Pearl
"Suriya,Lijo Mol Jose,Manikandan K.",,2021,"When a tribal man is arrested for a case of alleged theft, his wife turns to a human-rights lawyer to help bring justice.",164,,Crime,,TV-MA,8.9,Jai Bhim
"Vincent Cassel,Hubert Koundé,Saïd Taghmaoui",,1995,24 hours in the lives of three young men in the French suburbs the day after a violent riot.,98,,Crime,,Not Rated,8.1,La haine
"Richard Gere,Joan Allen,Cary-Hiroyuki Tagawa",,2009,A college professor bonds with an abandoned dog he takes into his home.,93,,Biography,,G,8.1,Hachi: A Dog's Tale
"Brahim Hadjadj,Jean Martin,Yacef Saadi",,1966,"In the 1950s, fear and violence escalate as the people of Algiers fight for independence from the French government.",121,,Drama,,Not Rated,8.1,The Battle of Algiers
"Carole Lombard,Jack Benny,Robert Stack",,1942,,99,,Comedy,,Passed,8.2,To Be or Not to Be
"Craig T. Nelson,Samuel L. Jackson,Holly Hunter",,2004,"While trying to lead a quiet suburban life, a family of undercover superheroes are forced into action to save the world.",115,,Animation,,PG,8.0,The Incredibles
"Myrna Loy,Dana Andrews,Fredric March",,1946,"Three World War II veterans, two of them traumatized or disabled, return home to the American midwest to discover that they and their families have been irreparably changed.",170,,Drama,,Approved,8.1,The Best Years of Our Lives
"Ellen Burstyn,Max von Sydow,Linda Blair",,1973,"When a teenage girl is possessed by a mysterious entity, her mother seeks the help of two priests to save her daughter.",122,,Horror,,R,8.1,The Exorcist
"Bill Murray,Andie MacDowell,Chris Elliott",,1993,"A narcissistic, self-centered weatherman finds himself in a time loop on Groundhog Day, and the day keeps repeating until he gets it right.",101,,Comedy,,PG,8.1,Groundhog Day
"Ethan Hawke,Julie Delpy,Vernon Dobtcheff",,2004,"Nine years after Jesse and Celine first met, they encounter each other again on the French leg of Jesse's book tour.",80,,Drama,,R,8.1,Before Sunset
"Judy Garland,Frank Morgan,Ray Bolger",,1939,"Young Dorothy Gale and her dog Toto are swept away by a tornado from their Kansas farm to the magical Land of Oz, and embark on a quest with three new friends to see the Wizard, who can return her to her home and fulfill the others' wishes.",102,,Adventure,,G,8.1,The Wizard of Oz
"Emile Hirsch,Vince Vaughn,Catherine Keener",,2007,"After graduating from Emory University, top student and athlete Christopher McCandless abandons his possessions, gives his entire $24,000 savings account to charity and hitchhikes to Alaska to live in the wilderness. Along the way, Christopher encounters a series of characters th...",148,,Adventure,,R,8.1,Into the Wild
"Faye Dunaway,William Holden,Peter Finch",,1976,"A television network cynically exploits a deranged former anchor's ravings and revelations about the news media for its own profit, but finds that his message may be difficult to control.",121,,Drama,,R,8.1,Network
"Kanu Bannerjee,Karuna Bannerjee,Subir Banerjee",,1955,"Impoverished priest Harihar Ray, dreaming of a better life for himself and his family, leaves his rural Bengal village in search of work.",125,,Drama,,Not Rated,8.3,Pather Panchali
"Daniel Brühl,Chris Hemsworth,Olivia Wilde",,2013,The merciless 1970s rivalry between Formula One rivals James Hunt and Niki Lauda.,123,,Action,,R,8.1,Rush
"Brad Garrett,Lou Romano,Patton Oswalt",,2007,A rat who can cook makes an unusual alliance with a young kitchen worker at a famous Paris restaurant.,111,,Animation,,G,8.1,Ratatouille
"Hugh Jackman,Patrick Stewart,Dafne Keen",,2017,"In a future where mutants are nearly extinct, an elderly and weary Logan leads a quiet life. But when Laura, a mutant child pursued by scientists, comes to him for help, he must get her to safety.",137,,Action,,R,8.1,Logan
"Wil Wheaton,River Phoenix,Corey Feldman",,1986,"After the death of one of his friends, a writer recounts a childhood journey with his friends to find the body of a missing boy.",89,,Adventure,,R,8.1,Stand by Me
"Arnold Schwarzenegger,Linda Hamilton,Michael Biehn",,1984,"A human soldier is sent from 2029 to 1984 to stop an almost indestructible cyborg killing machine, sent from the same year, which has been programmed to execute a young woman whose unborn son is the key to humanity's future salvation.",107,,Action,,R,8.1,The Terminator
"Mark Ruffalo,Michael Keaton,Rachel McAdams",,2015,"The true story of how the Boston Globe uncovered the massive scandal of child molestation and cover-up within the local Catholic Archdiocese, shaking the entire Catholic Church to its core.",129,,Biography,,R,8.1,Spotlight
"Charlie Sheen,Tom Berenger,Willem Dafoe",,1986,"Chris Taylor, a neophyte recruit in Vietnam, finds himself caught in a battle of wills between two sergeants, one good and the other evil. A shrewd examination of the brutality of war and the duality of man in conflict.",2,,Drama,,R,8.1,Platoon
"Sylvester Stallone,Talia Shire,Burt Young",,1976,A small-time Philadelphia boxer gets a supremely rare chance to fight the world heavyweight champion in a bout in which he strives to go the distance for his self-respect.,2,,Drama,,PG,8.1,Rocky
"Matt Damon,Christian Bale,Jon Bernthal",,2019,American car designer Carroll Shelby and driver Ken Miles battle corporate interference and the laws of physics to build a revolutionary race car for Ford in order to defeat Ferrari at the 24 Hours of Le Mans in 1966.,152,,Action,,PG-13,8.1,Ford v Ferrari
"Don Cheadle,Sophie Okonedo,Joaquin Phoenix",,2004,"Paul Rusesabagina, a hotel manager, houses over a thousand Tutsi refugees during their struggle against the Hutu militia in Rwanda, Africa.",121,,Biography,,PG-13,8.1,Hotel Rwanda
"Chishû Ryû,Chieko Higashiyama,Sô Yamamura",,1953,"An old couple visit their children and grandchildren in the city, but receive little attention.",136,,Drama,,Not Rated,8.2,Tokyo Story
"Maria Falconetti,Eugene Silvain,André Berley",,1928,"In 1431, Jeanne d'Arc is placed on trial on charges of heresy. The ecclesiastical jurists attempt to force Jeanne to recant her claims of holy visions.",114,,Biography,,Passed,8.2,The Passion of Joan of Arc
"Robin Williams,Robert Sean Leonard,Ethan Hawke",,1989,Maverick teacher John Keating uses poetry to embolden his boarding school students to new heights of self-expression.,128,,Comedy,,PG,8.1,Dead Poets Society
"Roy Scheider,Robert Shaw,Richard Dreyfuss",,1975,"When a killer shark unleashes chaos on a beach community off Cape Cod, it's up to a local sheriff, a marine biologist, and an old seafarer to hunt the beast down.",124,,Adventure,,PG,8.1,Jaws
"Jeff Bridges,John Goodman,Julianne Moore",,1998,"Ultimate L.A. slacker Jeff ""The Dude"" Lebowski, mistaken for a millionaire of the same name, seeks restitution for a rug ruined by debt collectors, enlisting his bowling buddies for help while trying to find the millionaire's missing wife.",117,,Comedy,,R,8.1,The Big Lebowski
"Billy Crystal,John Goodman,Mary Gibbs",,2001,"In order to power the city, monsters have to scare children so that they scream. However, the children are toxic to the monsters, and after a child gets through, two monsters realize things may not be what they think.",92,,Animation,,G,8.1,"Monsters, Inc."
"Jay Baruchel,Gerard Butler,Christopher Mintz-Plasse",,2010,"A hapless young Viking who aspires to hunt dragons becomes the unlikely friend of a young dragon himself, and learns there may be more to the creatures than he assumed.",98,,Animation,,PG,8.1,How to Train Your Dragon
"Toni Collette,Philip Seymour Hoffman,Eric Bana",,2009,"A tale of friendship between two unlikely pen pals: Mary, a lonely, eight-year-old girl living in the suburbs of Melbourne, and Max, a forty-four-year old, severely obese man living in New York.",92,,Animation,,Not Rated,8.1,Mary and Max
"Brie Larson,Jacob Tremblay,Sean Bridgers",,2015,"Held captive for 7 years in an enclosed space, a woman and her young son finally gain their freedom, allowing the boy to experience the outside world for the first time.",118,,Drama,,R,8.1,Room
"Tom Hardy,Charlize Theron,Nicholas Hoult",,2015,"In a post-apocalyptic wasteland, a woman rebels against a tyrannical ruler in search for her homeland with the aid of a group of female prisoners, a psychotic worshiper, and a drifter named Max.",2,,Action,,R,8.1,Mad Max: Fury Road
"Max von Sydow,Gunnar Björnstrand,Bengt Ekerot",,1957,,96,,Drama,,Not Rated,8.1,The Seventh Seal
"Darío Grandinetti,María Marull,Mónica Villa",,2014,Six short stories that explore the extremities of human behavior involving people in distress.,122,,Comedy,,R,8.1,Wild Tales
"Song Kang-ho,Kim Sang-kyung,Roe-ha Kim",,2003,"In a small Korean province in 1986, two detectives struggle with the case of multiple young women being found raped and murdered by an unknown culprit.",132,,Crime,,Not Rated,8.1,Memories of Murder
"James Stewart,Jean Arthur,Claude Rains",,1939,"A naive youth leader is appointed to fill a vacancy in the U.S. Senate. His idealistic plans promptly collide with corruption at home and subterfuge from his hero in Washington, but he tries to forge ahead despite attacks on his character.",129,,Comedy,,Passed,8.1,Mr. Smith Goes to Washington
"Buster Keaton,Kathryn McGuire,Joe Keaton",,1924,"A film projectionist longs to be a detective, and puts his meagre skills to work when he is framed by a rival for stealing his girlfriend's father's pocketwatch.",45,,Action,,Passed,8.2,Sherlock Jr.
"Andrew Garfield,Sam Worthington,Luke Bracey",,2016,"World War II American Army Medic Desmond T. Doss, who served during the Battle of Okinawa, refuses to kill people and becomes the first man in American history to receive the Medal of Honor without firing a shot.",139,,Biography,,R,8.1,Hacksaw Ridge
"Yves Montand,Charles Vanel,Peter van Eyck",,1953,"In a decrepit South American village, four men are hired to transport an urgent nitroglycerine shipment without the equipment that would make it safe.",131,,Adventure,,Not Rated,8.2,The Wages of Fear
"Ryan O'Neal,Marisa Berenson,Patrick Magee",,1975,An Irish rogue wins the heart of a rich widow and assumes her dead husband's aristocratic position in 18th-century England.,185,,Adventure,,PG,8.1,Barry Lyndon
"Jason Schwartzman,J.K. Simmons,Rashida Jones",,2019,"A simple act of kindness always sparks another, even in a frozen, faraway place. When Smeerensburg's new postman, Jesper, befriends toymaker Klaus, their gifts melt an age-old feud and deliver a sleigh full of holiday traditions.",96,,Animation,,PG,8.1,Klaus
"Daniel Day-Lewis,Pete Postlethwaite,Alison Crosbie",,1993,,133,,Biography,,R,8.1,In the Name of the Father
"Robert De Niro,Christopher Walken,John Cazale",,1978,An in-depth examination of the ways in which the Vietnam War impacts and disrupts the lives of several friends in a small steel mill town in Pennsylvania.,183,,Drama,,R,8.1,The Deer Hunter
"Ralph Fiennes,F. Murray Abraham,Mathieu Amalric",,2014,"A writer encounters the owner of an aging high-class hotel, who tells him of his early years serving as a lobby boy in the hotel's glorious years under an exceptional concierge.",99,,Adventure,,R,8.1,The Grand Budapest Hotel
"Orson Welles,Joseph Cotten,Alida Valli",,1949,"Pulp novelist Holly Martins travels to shadowy, postwar Vienna, only to find himself investigating the mysterious death of an old friend, Harry Lime.",93,,Film-Noir,,Approved,8.1,The Third Man
"Buster Keaton,Marion Mack,Glen Cavender",,1926,"After being rejected by the Confederate military, not realizing it was due to his crucial civilian role, an engineer must single-handedly recapture his beloved locomotive after it is seized by Union spies and return it through enemy lines.",67,,Action,,Passed,8.2,The General
"Ben Affleck,Rosamund Pike,Neil Patrick Harris",,2014,"With his wife's disappearance having become the focus of an intense media circus, a man sees the spotlight turned on him when it's suspected that he may not be innocent.",149,,Drama,,R,8.1,Gone Girl
"Victor Sjöström,Bibi Andersson,Ingrid Thulin",,1957,,91,,Drama,,Not Rated,8.1,Wild Strawberries
"Charlton Heston,Jack Hawkins,Stephen Boyd",,1959,"After a Jewish prince is betrayed and sent into slavery by a Roman friend in 1st-century Jerusalem, he regains his freedom and comes back for revenge.",212,,Adventure,,G,8.1,Ben-Hur
"Daniel Radcliffe,Emma Watson,Rupert Grint",,2011,"Harry, Ron, and Hermione search for Voldemort's remaining Horcruxes in their effort to destroy the Dark Lord as the final battle rages on at Hogwarts.",130,,Adventure,,PG-13,8.1,Harry Potter and the Deathly Hallows: Part 2
"Chiwetel Ejiofor,Michael Kenneth Williams,Michael Fassbender",,2013,"In the antebellum United States, Solomon Northup, a free black man from upstate New York, is abducted and sold into slavery.",134,,Biography,,R,8.1,12 Years a Slave
"Ethan Hawke,Julie Delpy,Andrea Eckert",,1995,"A young man and woman meet on a train in Europe, and wind up spending one evening together in Vienna. Unfortunately, both know that this will probably be their only night together.",101,,Drama,,R,8.1,Before Sunrise
"Marlon Brando,Karl Malden,Lee J. Cobb",,1954,"An ex-prize fighter turned New Jersey longshoreman struggles to stand up to his corrupt union bosses, including his older brother, as he starts to connect with the grieving sister of one of the syndicate's victims.",108,,Crime,,Approved,8.1,On the Waterfront
"Charles Chaplin,Mack Swain,Tom Murray",,1925,"A prospector goes to the Klondike during the 1890s gold rush in hopes of making his fortune, and is smitten with a girl he sees in a dance hall.",95,,Adventure,,Passed,8.2,The Gold Rush
"Harrison Ford,Rutger Hauer,Sean Young",,1982,A blade runner must pursue and terminate four replicants who stole a ship in space and have returned to Earth to find their creator.,117,,Action,,R,8.1,Blade Runner
"Mohammad Amir Naji,Amir Farrokh Hashemian,Bahare Seddiqi",,1997,"After a boy loses his sister's pair of shoes, he goes on a series of adventures in order to find them. When he can't, he tries a new way to ""win"" a new pair.",89,,Drama,,PG,8.2,Children of Heaven
"Hilary Swank,Clint Eastwood,Morgan Freeman",,2004,A determined woman works with a hardened boxing trainer to become a professional.,132,,Drama,,PG-13,8.1,Million Dollar Baby
"Leonardo DiCaprio,Tom Hanks,Christopher Walken",,2002,"Barely 21 yet, Frank is a skilled forger who has passed as a doctor, lawyer and pilot. FBI agent Carl becomes obsessed with tracking down the con man, who only revels in the pursuit.",141,,Biography,,PG-13,8.1,Catch Me If You Can
"Hitoshi Takagi,Noriko Hidaka,Chika Sakamoto",,1988,"When two girls move to the country to be near their ailing mother, they have adventures with the wondrous forest spirits who live nearby.",86,,Animation,,G,8.1,My Neighbor Totoro
"Hugh Jackman,Jake Gyllenhaal,Viola Davis",,2013,"When Keller Dover's daughter and her friend go missing, he takes matters into his own hands as the police pursue multiple leads and the pressure mounts.",153,,Crime,,R,8.1,Prisoners
"Clint Eastwood,Bee Vang,Christopher Carley",,2008,"Disgruntled Korean War veteran Walt Kowalski sets out to reform his neighbor, Thao Lor, a Hmong teenager who tried to steal Kowalski's prized possession: a 1972 Gran Torino.",116,,Drama,,R,8.1,Gran Torino
"William H. Macy,Frances McDormand,Steve Buscemi",,1996,Minnesota car salesman Jerry Lundegaard's inept crime falls apart due to his and his henchmen's bungling and the persistent police work of the quite pregnant Marge Gunderson.,98,,Crime,,R,8.1,Fargo
"Tom Hardy,Nick Nolte,Joel Edgerton",,2011,"The youngest son of an alcoholic former boxer returns home, where he's trained by his father for competition in a mixed martial arts tournament - a path that puts the fighter on a collision course with his estranged, older brother.",140,,Action,,PG-13,8.2,Warrior
"Ewan McGregor,Ewen Bremner,Jonny Lee Miller",,1996,"Renton, deeply immersed in the Edinburgh drug scene, tries to clean up and get out, despite the allure of the drugs and influence of friends.",93,,Drama,,R,8.1,Trainspotting
"Frances McDormand,Woody Harrelson,Sam Rockwell",,2017,A mother personally challenges the local authorities to solve her daughter's murder when they fail to catch the culprit.,115,,Comedy,,R,8.1,"Three Billboards Outside Ebbing, Missouri"
"William Holden,Alec Guinness,Jack Hawkins",,1957,"British POWs are forced to build a railway bridge across the river Kwai for their Japanese captors in occupied Burma, not knowing that the allied forces are planning a daring commando raid through the jungle to destroy it.",161,,Adventure,,PG,8.2,The Bridge on the River Kwai
"Chieko Baishô,Takuya Kimura,Tatsuya Gashûin",,2004,"When an unconfident young woman is cursed with an old body by a spiteful witch, her only chance of breaking the spell lies with a self-indulgent yet insecure young wizard and his companions in his legged, walking castle.",119,,Animation,,PG,8.2,Howl's Moving Castle
"Ricardo Darín,Soledad Villamil,Pablo Rago",,2009,A retired legal counselor writes a novel hoping to find closure for one of his past unresolved homicide cases and for his unreciprocated love with his superior - both of which still haunt him decades later.,129,,Drama,,R,8.2,The Secret in Their Eyes
"Ray Milland,Grace Kelly,Robert Cummings",,1954,A former tennis star arranges the murder of his adulterous wife.,105,,Crime,,PG,8.2,Dial M for Murder
"Jason Flemyng,Dexter Fletcher,Nick Moran",,1998,"Eddy persuades his three pals to pool money for a vital poker game against a powerful local mobster, Hatchet Harry. Eddy loses, after which Harry gives him a week to pay back 500,000 pounds.",107,,Action,,R,8.2,"Lock, Stock and Two Smoking Barrels"
"Amy Poehler,Bill Hader,Lewis Black",,2015,"After young Riley is uprooted from her Midwest life and moved to San Francisco, her emotions - Joy, Fear, Anger, Disgust and Sadness - conflict on how best to navigate a new city, house, and school.",95,,Animation,,PG,8.2,Inside Out
"Hugo Weaving,Natalie Portman,Rupert Graves",,2005,"In a future British dystopian society, a shadowy freedom fighter, known only by the alias of ""V"", plots to overthrow the tyrannical government - with the help of a young woman.",132,,Action,,R,8.2,V for Vendetta
"Clark Gable,Vivien Leigh,Thomas Mitchell",,1939,The manipulative daughter of a Georgia plantation owner conducts a turbulent romance with a roguish profiteer during the American Civil War and Reconstruction periods.,238,,Drama,,Passed,8.2,Gone with the Wind
"Robert De Niro,Cathy Moriarty,Joe Pesci",,1980,"The life of boxer Jake LaMotta, whose violence and temper that led him to the top in the ring destroyed his life outside of it.",129,,Biography,,R,8.2,Raging Bull
"Jack Nicholson,Faye Dunaway,John Huston",,1974,"A private detective hired to expose an adulterer in 1930s Los Angeles finds himself caught up in a web of deceit, corruption, and murder.",130,,Drama,,R,8.2,Chinatown
"Anthony Hopkins,John Hurt,Anne Bancroft",,1980,"A Victorian surgeon rescues a heavily disfigured man who is mistreated while scraping a living as a side-show freak. Behind his monstrous façade, there is revealed a person of kindness, intelligence and sophistication.",124,,Biography,,PG,8.2,The Elephant Man
"Kurt Russell,Wilford Brimley,Keith David",,1982,A research team in Antarctica is hunted by a shape-shifting alien that assumes the appearance of its victims.,109,,Horror,,R,8.2,The Thing
"Albert Brooks,Ellen DeGeneres,Alexander Gould",,2003,"After his son is captured in the Great Barrier Reef and taken to Sydney, a timid clownfish sets out on a journey to bring him home.",100,,Animation,,G,8.2,Finding Nemo
"Tommy Lee Jones,Javier Bardem,Josh Brolin",,2007,Violence and mayhem ensue after a hunter stumbles upon a drug deal gone wrong and more than two million dollars in cash near the Rio Grande.,122,,Crime,,R,8.2,No Country for Old Men
"Uma Thurman,David Carradine,Daryl Hannah",,2003,"After awakening from a four-year coma, a former assassin wreaks vengeance on the team of assassins who betrayed her.",111,,Action,,R,8.2,Kill Bill: Vol. 1
"Toshirô Mifune,Machiko Kyô,Masayuki Mori",,1950,"The rape of a bride and the murder of her samurai husband are recalled from the perspectives of a bandit, the bride, the samurai's ghost and a woodcutter.",88,,Crime,,Not Rated,8.2,Rashomon
"Steve McQueen,James Garner,Richard Attenborough",,1963,Allied prisoners of war plan for several hundred of their number to escape from a German camp during World War II.,172,,Adventure,,Approved,8.2,The Great Escape
"Sam Neill,Laura Dern,Jeff Goldblum",,1993,A pragmatic paleontologist touring an almost complete theme park on an island in Central America is tasked with protecting a couple of kids after a power failure causes the park's cloned dinosaurs to run loose.,127,,Action,,PG-13,8.2,Jurassic Park
"Humphrey Bogart,Walter Huston,Tim Holt",,1948,Two down-on-their-luck Americans searching for work in 1920s Mexico convince an old prospector to help them mine for gold in the Sierra Madre Mountains.,126,,Adventure,,Passed,8.2,The Treasure of the Sierra Madre
"Graham Chapman,John Cleese,Eric Idle",,1975,"King Arthur and his Knights of the Round Table embark on a surreal, low-budget search for the Holy Grail, encountering many, very silly obstacles.",91,,Adventure,,PG,8.2,Monty Python and the Holy Grail
"Tom Holland,Zendaya,Benedict Cumberbatch",,2021,"With Spider-Man's identity now revealed, Peter asks Doctor Strange for help. When a spell goes wrong, dangerous foes from other worlds start to appear, forcing Peter to discover what it truly means to be Spider-Man.",148,,Action,,PG-13,8.3,Spider-Man: No Way Home
"Toshirô Mifune,Eijirô Tôno,Tatsuya Nakadai",,1961,A crafty ronin comes to a town divided by two criminal gangs and decides to play them against each other to free the town.,110,,Action,,Not Rated,8.2,Yojimbo
"Leonardo DiCaprio,Emily Mortimer,Mark Ruffalo",,2010,"In 1954, a U.S. Marshal investigates the disappearance of a murderer who escaped from a hospital for the criminally insane.",138,,Mystery,,R,8.2,Shutter Island
"Russell Crowe,Ed Harris,Jennifer Connelly",,2001,"After John Nash, a brilliant but asocial mathematician, accepts secret work in cryptography, his life takes a turn for the nightmarish.",135,,Biography,,PG-13,8.2,A Beautiful Mind
"Bruce Willis,Haley Joel Osment,Toni Collette",,1999,"A frightened, withdrawn Philadelphia boy who communicates with spirits seeks the help of a disheartened child psychologist.",107,,Drama,,PG-13,8.2,The Sixth Sense
"Jim Carrey,Ed Harris,Laura Linney",,1998,An insurance salesman discovers his whole life is actually a reality TV show.,103,,Comedy,,PG,8.2,The Truman Show
"Daniel Day-Lewis,Paul Dano,Ciarán Hinds",,2007,"A story of family, religion, hatred, oil and madness, focusing on a turn-of-the-century prospector in the early days of the business.",158,,Drama,,R,8.2,There Will Be Blood
"Clint Eastwood,Gene Hackman,Morgan Freeman",,1992,"Retired Old West gunslinger William Munny reluctantly takes on one last job, with the help of his old partner Ned Logan and a young man, The ""Schofield Kid.""",130,,Drama,,R,8.2,Unforgiven
"Ivana Baquero,Ariadna Gil,Sergi López",,2006,"In the Falangist Spain of 1944, the bookish young stepdaughter of a sadistic army officer escapes into an eerie but captivating fantasy world.",118,,Drama,,R,8.2,Pan's Labyrinth
"Robert De Niro,Sharon Stone,Joe Pesci",,1995,"A tale of greed, deception, money, power, and murder occur between two best friends: a mafia enforcer and a casino executive compete against each other over a gambling empire, and over a fast-living and fast-loving socialite.",178,,Crime,,R,8.2,Casino
"Tatsuya Nakadai,Akira Terao,Jinpachi Nezu",,1985,"In Medieval Japan, an elderly warlord retires, handing over his empire to his three sons. However, he vastly underestimates how the new-found power will corrupt them and cause them to turn on each other...and him.",162,,Action,,R,8.2,Ran
"Spencer Tracy,Burt Lancaster,Richard Widmark",,1961,"In 1948, an American court in occupied Germany tries four Nazis judged for war crimes.",179,,Drama,,Approved,8.3,Judgment at Nuremberg
"Leonardo DiCaprio,Jonah Hill,Margot Robbie",,2013,"Based on the true story of Jordan Belfort, from his rise to a wealthy stock-broker living the high life to his fall involving crime, corruption and the federal government.",3,,Biography,,R,8.2,The Wolf of Wall Street
"Viggo Mortensen,Mahershala Ali,Linda Cardellini",,2018,A working-class Italian-American bouncer becomes the driver for an African-American classical pianist on a tour of venues through the 1960s American South.,130,,Biography,,PG-13,8.2,Green Book
"Bette Davis,Anne Baxter,George Sanders",,1950,A seemingly timid but secretly ruthless ingénue insinuates herself into the lives of an aging Broadway star and her circle of theater friends.,138,,Drama,,Passed,8.2,All About Eve
"Anthony Hopkins,Olivia Colman,Mark Gatiss",,2020,"A man refuses all assistance from his daughter as he ages. As he tries to make sense of his changing circumstances, he begins to doubt his loved ones, his own mind and even the fabric of his reality.",97,,Drama,,PG-13,8.2,The Father
"Marilyn Monroe,Tony Curtis,Jack Lemmon",,1959,"After two male musicians witness a mob hit, they flee the state in an all-female band disguised as women, but further complications set in.",121,,Comedy,,Passed,8.2,Some Like It Hot
"Charles Chaplin,Edna Purviance,Jackie Coogan",,1921,,68,,Comedy,,Passed,8.3,The Kid
"Christian Bale,Michael Caine,Ken Watanabe",,2005,"After training with his mentor, Batman begins his fight to free crime-ridden Gotham City from corruption.",140,,Action,,PG-13,8.2,Batman Begins
"Aamir Khan,Sakshi Tanwar,Fatima Sana Shaikh",,2016,Former wrestler Mahavir Singh Phogat and his two wrestler daughters struggle towards glory at the Commonwealth Games in the face of societal oppression.,161,,Action,,Not Rated,8.3,Dangal
"Clint Eastwood,Lee Van Cleef,Gian Maria Volontè",,1965,Two bounty hunters with the same intentions team up to track down an escaped Mexican outlaw.,132,,Western,,R,8.2,For a Few Dollars More
"Bruno Ganz,Alexandra Maria Lara,Ulrich Matthes",,2004,,156,,Biography,,R,8.2,Downfall
"Dean-Charles Chapman,George MacKay,Daniel Mays",,2019,"April 6th, 1917. As an infantry battalion assembles to wage war deep in enemy territory, two soldiers are assigned to race against time and deliver a message that will stop 1,600 men from walking straight into a deadly trap.",119,,Action,,R,8.2,1917
"Darsheel Safary,Aamir Khan,Tisca Chopra",,2007,"An eight-year-old boy is thought to be a lazy trouble-maker, until the new art teacher has the patience and compassion to discover the real problem behind his struggles in school.",165,,Drama,,PG,8.4,Like Stars on Earth
"Harrison Ford,Sean Connery,Alison Doody",,1989,"In 1938, after his father Professor Henry Jones, Sr. goes missing while pursuing the Holy Grail, Professor Henry ""Indiana"" Jones, Jr. finds himself up against Adolf Hitler's Nazis again to stop them from obtaining its powers.",127,,Action,,PG-13,8.2,Indiana Jones and the Last Crusade
"Lamberto Maggiorani,Enzo Staiola,Lianella Carell",,1948,"In post-war Italy, a working-class man's bicycle is stolen, endangering his efforts to find work. He and his son set out to find it.",89,,Drama,,Not Rated,8.3,Bicycle Thieves
"Jason Statham,Brad Pitt,Stephen Graham",,2000,"Unscrupulous boxing promoters, violent bookmakers, a Russian gangster, incompetent amateur robbers and supposedly Jewish jewelers fight to track down a priceless stolen diamond.",102,,Comedy,,R,8.2,Snatch
"Bruce Willis,Alan Rickman,Bonnie Bedelia",,1988,A New York City police officer tries to save his estranged wife and several others taken hostage by terrorists during a Christmas party at the Nakatomi Plaza in Los Angeles.,132,,Action,,R,8.2,Die Hard
"Kevin Spacey,Russell Crowe,Guy Pearce",,1997,"As corruption grows in 1950s Los Angeles, three policemen - one strait-laced, one brutal, and one sleazy - investigate a series of murders with their own brand of justice.",138,,Crime,,R,8.2,L.A. Confidential
"Brigitte Helm,Alfred Abel,Gustav Fröhlich",,1927,"In a futuristic city sharply divided between the working class and the city planners, the son of the city's mastermind falls in love with a working-class prophet who predicts the coming of a savior to mediate their differences.",153,,Drama,,Not Rated,8.3,Metropolis
"Payman Maadi,Leila Hatami,Sareh Bayat",,2011,A married couple are faced with a difficult decision - to improve the life of their child by moving to another country or to stay in Iran and look after a deteriorating parent who has Alzheimer's disease.,123,,Drama,,PG-13,8.3,A Separation
"Robert De Niro,Jodie Foster,Cybill Shepherd",,1976,"A mentally unstable veteran works as a nighttime taxi driver in New York City, where the perceived decadence and sleaze fuels his urge for violent action.",114,,Crime,,R,8.2,Taxi Driver
"Al Pacino,Robert De Niro,Val Kilmer",,1995,A group of high-end professional thieves start to feel the heat from the LAPD when they unknowingly leave a clue at their latest heist.,170,,Action,,R,8.3,Heat
"Edward Asner,Jordan Nagai,John Ratzenberger",,2009,"78-year-old Carl Fredricksen travels to Paradise Falls in his house equipped with balloons, inadvertently taking a young stowaway.",96,,Animation,,PG,8.3,Up
"Lubna Azabal,Mélissa Désormeaux-Poulin,Maxim Gaudette",,2010,Twins journey to the Middle East to discover their family history and fulfill their mother's last wishes.,131,,Drama,,R,8.3,Incendies
"Paul Newman,Robert Redford,Robert Shaw",,1973,Two grifters team up to pull off the ultimate con.,129,,Comedy,,PG,8.3,The Sting
"Gregory Peck,John Megna,Frank Overton",,1962,"Atticus Finch, a widowed lawyer in Depression-era Alabama, defends a black man against an undeserved rape charge, and his children against prejudice.",129,,Crime,,Approved,8.3,To Kill a Mockingbird
"Al Pacino,Michelle Pfeiffer,Steven Bauer",,1983,"In 1980 Miami, a determined Cuban immigrant takes over a drug cartel and succumbs to greed.",170,,Crime,,R,8.3,Scarface
"Lin-Manuel Miranda,Phillipa Soo,Leslie Odom Jr.",,2020,"The real life of one of America's foremost founding fathers and first Secretary of the Treasury, Alexander Hamilton. Captured live on Broadway from the Richard Rodgers Theater with the original Broadway cast.",160,,Biography,,PG-13,8.4,Hamilton
"Matthew Modine,R. Lee Ermey,Vincent D'Onofrio",,1987,A pragmatic U.S. Marine observes the dehumanizing effects the Vietnam War has on his fellow recruits from their brutal boot camp training to the bloody street fighting in Hue.,116,,Drama,,R,8.3,Full Metal Jacket
"Fred MacMurray,Barbara Stanwyck,Edward G. Robinson",,1944,"A Los Angeles insurance representative lets an alluring housewife seduce him into a scheme of insurance fraud and murder that arouses the suspicion of his colleague, an insurance investigator.",107,,Crime,,Passed,8.3,Double Indemnity
"Takashi Shimura,Nobuo Kaneko,Shin'ichi Himori",,1952,A bureaucrat tries to find meaning in his life after he discovers he has terminal cancer.,143,,Drama,,Not Rated,8.3,Ikiru
"Jack Lemmon,Shirley MacLaine,Fred MacMurray",,1960,"A Manhattan insurance clerk tries to rise in his company by letting its executives use his apartment for trysts, but complications and a romance of his own ensue.",125,,Comedy,,Approved,8.3,The Apartment
"Malcolm McDowell,Patrick Magee,Michael Bates",,1971,"In the future, a sadistic gang leader is imprisoned and volunteers for a conduct-aversion experiment, but it doesn't go as planned.",136,,Crime,,X,8.3,A Clockwork Orange
"Audrey Tautou,Mathieu Kassovitz,Rufus",,2001,"Amélie is an innocent and naive girl in Paris with her own sense of justice. She decides to help those around her and, along the way, discovers love.",122,,Comedy,,R,8.3,Amélie
"James Stewart,Kim Novak,Barbara Bel Geddes",,1958,"A former San Francisco police detective juggles wrestling with his personal demons and becoming obsessed with the hauntingly beautiful woman he has been hired to trail, who may be deeply disturbed.",128,,Mystery,,PG,8.3,Vertigo
"Cary Grant,Eva Marie Saint,James Mason",,1959,"A New York City advertising executive goes on the run after being mistaken for a government agent by a group of foreign spies, and falls for a woman whose loyalties he begins to doubt.",136,,Action,,Approved,8.3,North by Northwest
"Peter O'Toole,Alec Guinness,Anthony Quinn",,1962,"The story of T.E. Lawrence, the English officer who successfully united and led the diverse, often warring, Arab tribes during World War I in order to fight the Turks.",218,,Adventure,,Approved,8.3,Lawrence of Arabia
"Peter Lorre,Ellen Widmann,Inge Landgut",,1931,"When the police in a German city are unable to catch a child-murderer, other criminals join in the manhunt.",99,,Crime,,Passed,8.3,M
"Orson Welles,Joseph Cotten,Dorothy Comingore",,1941,"Following the death of publishing tycoon Charles Foster Kane, reporters scramble to uncover the meaning of his final utterance: 'Rosebud.'",119,,Drama,,PG,8.3,Citizen Kane
"Aleksey Kravchenko,Olga Mironova,Liubomiras Laucevicius",,1985,"After finding an old rifle, a young boy joins the Soviet resistance movement against ruthless German forces and experiences the horrors of World War II.",142,,Drama,,Not Rated,8.4,Come and See
"Mads Mikkelsen,Thomas Bo Larsen,Annika Wedderkopp",,2012,"A teacher lives a lonely life, all the while struggling over his son's custody. His life slowly gets better as he finds love and receives good news from his son, but his new luck is about to be brutally shattered by an innocent little lie.",115,,Drama,,R,8.3,The Hunt
"Harvey Keitel,Tim Roth,Michael Madsen",,1992,"When a simple jewelry heist goes horribly wrong, the surviving criminals begin to suspect that one of them is a police informant.",99,,Crime,,R,8.3,Reservoir Dogs
"Jim Carrey,Kate Winslet,Tom Wilkinson",,2004,"When their relationship turns sour, a couple undergoes a medical procedure to have each other erased from their memories for ever.",108,,Drama,,R,8.3,Eternal Sunshine of the Spotless Mind
"Keir Dullea,Gary Lockwood,William Sylvester",,1968,"After uncovering a mysterious artifact buried beneath the Lunar surface, a spacecraft is sent to Jupiter to find its origins - a spacecraft manned by two men and the supercomputer H.A.L. 9000.",149,,Adventure,,G,8.3,2001: A Space Odyssey
"Zain Al Rafeea,Yordanos Shiferaw,Boluwatife Treasure Bankole",,2018,"While serving a five-year sentence for a violent crime, a 12-year-old boy sues his parents for neglect.",126,,Drama,,R,8.4,Capernaum
"Mark Hamill,Harrison Ford,Carrie Fisher",,1983,"After a daring mission to rescue Han Solo from Jabba the Hutt, the Rebels dispatch to Endor to destroy the second Death Star. Meanwhile, Luke struggles to help Darth Vader back from the dark side without falling into the Emperor's trap.",131,,Action,,PG,8.3,Star Wars: Episode VI - Return of the Jedi
"Toshirô Mifune,Yutaka Sada,Tatsuya Nakadai",,1963,An executive of a Yokohama shoe company becomes a victim of extortion when his chauffeur's son is kidnapped by mistake and held for ransom.,143,,Crime,,Not Rated,8.4,High and Low
"Tom Hanks,Tim Allen,Joan Cusack",,2010,"The toys are mistakenly delivered to a day-care center instead of the attic right before Andy leaves for college, and it's up to Woody to convince the other toys that they weren't abandoned and to return home.",103,,Animation,,G,8.3,Toy Story 3
"Gene Kelly,Donald O'Connor,Debbie Reynolds",,1952,A silent film star falls for a chorus girl just as he and his delusionally jealous screen partner are trying to make the difficult transition to talking pictures in 1920s Hollywood.,103,,Comedy,,G,8.3,Singin' in the Rain
"Aamir Khan,Madhavan,Mona Singh",,2009,"Two friends are searching for their long lost companion. They revisit their college days and recall the memories of their friend who inspired them to think differently, even as the rest of the world called them ""idiots"".",170,,Comedy,,PG-13,8.4,3 Idiots
"Ellen Burstyn,Jared Leto,Jennifer Connelly",,2000,The drug-induced utopias of four Coney Island people are shattered when their addictions run deep.,102,,Drama,,Unrated,8.3,Requiem for a Dream
"Tom Cruise,Jennifer Connelly,Miles Teller",,2022,"After thirty years, Maverick is still pushing the envelope as a top naval aviator, but must confront ghosts of his past when he leads TOP GUN's elite graduates on a mission that demands the ultimate sacrifice from those chosen to fly it.",130,,Action,,PG-13,8.4,Top Gun: Maverick
"Ryûnosuke Kamiki,Mone Kamishiraishi,Ryô Narita",,2016,"Two strangers find themselves linked in a bizarre way. When a connection forms, will distance be the only thing to keep them apart?",106,,Animation,,TV-PG,8.4,Your Name.
"Robin Williams,Matt Damon,Ben Affleck",,1997,"Will Hunting, a janitor at M.I.T., has a gift for mathematics, but needs help from a psychologist to find direction in his life.",126,,Drama,,R,8.3,Good Will Hunting
"Robert De Niro,James Woods,Elizabeth McGovern",,1984,"A former Prohibition-era Jewish gangster returns to the Lower East Side of Manhattan 35 years later, where he must once again confront the ghosts and regrets of his old life.",229,,Crime,,R,8.3,Once Upon a Time in America
"Yôji Matsuda,Yuriko Ishida,Yûko Tanaka",,1997,"On a journey to find the cure for a Tatarigami's curse, Ashitaka finds himself in the middle of a war between the forest gods and Tatara, a mining colony. In this quest he also meets San, the Mononoke Hime.",134,,Animation,,PG-13,8.4,Princess Mononoke
"Robert Downey Jr.,Chris Evans,Mark Ruffalo",,2019,"After the devastating events of Avengers: Infinity War (2018), the universe is in ruins. With the help of remaining allies, the Avengers assemble once more in order to reverse Thanos' actions and restore balance to the universe.",181,,Action,,PG-13,8.4,Avengers: Endgame
"Mel Gibson,Sophie Marceau,Patrick McGoohan",,1995,Scottish warrior William Wallace leads his countrymen in a rebellion to free his homeland from the tyranny of King Edward I of England.,178,,Biography,,R,8.4,Braveheart
"Tom Hanks,Tim Allen,Don Rickles",,1995,A cowboy doll is profoundly threatened and jealous when a new spaceman action figure supplants him as top toy in a boy's bedroom.,81,,Animation,,G,8.3,Toy Story
"Anthony Gonzalez,Gael García Bernal,Benjamin Bratt",,2017,"Aspiring musician Miguel, confronted with his family's ancestral ban on music, enters the Land of the Dead to find his great-great-grandfather, a legendary singer.",105,,Animation,,PG,8.4,Coco
"Joaquin Phoenix,Robert De Niro,Zazie Beetz",,2019,A mentally troubled stand-up comedian embarks on a downward spiral that leads to the creation of an iconic villain.,122,,Crime,,R,8.4,Joker
"Brad Pitt,Diane Kruger,Eli Roth",,2009,"In Nazi-occupied France during World War II, a plan to assassinate Nazi leaders by a group of Jewish U.S. soldiers coincides with a theatre owner's vengeful plans for the same.",153,,Adventure,,R,8.3,Inglourious Basterds
"F. Murray Abraham,Tom Hulce,Elizabeth Berridge",,1984,"The life, success and troubles of Wolfgang Amadeus Mozart, as told by Antonio Salieri, the contemporaneous composer who was deeply jealous of Mozart's talent and claimed to have murdered him.",160,,Biography,,PG,8.4,Amadeus
"Choi Min-sik,Yoo Ji-tae,Kang Hye-jeong",,2003,"After being kidnapped and imprisoned for fifteen years, Oh Dae-Su is released, only to find that he must find his captor in five days.",2,,Action,,R,8.4,Oldboy
"Christian Bale,Tom Hardy,Anne Hathaway",,2012,"Eight years after the Joker's reign of anarchy, Batman, with the help of the enigmatic Selina Kyle, is forced from his exile to save Gotham City from the brutal guerrilla terrorist Bane.",164,,Action,,PG-13,8.4,The Dark Knight Rises
"Peter Sellers,George C. Scott,Sterling Hayden",,1964,"An insane American general orders a bombing attack on the Soviet Union, triggering a path to nuclear holocaust that a war room full of politicians and generals frantically tries to stop.",95,,Comedy,,PG,8.4,Dr. Strangelove or: How I Learned to Stop Worrying and Love the Bomb
"Kevin Spacey,Annette Bening,Thora Birch",,1999,A sexually frustrated suburban father has a mid-life crisis after becoming infatuated with his daughter's best friend.,122,,Drama,,R,8.4,American Beauty
"Shameik Moore,Jake Johnson,Hailee Steinfeld",,2018,"Teen Miles Morales becomes the Spider-Man of his universe, and must join with five spider-powered individuals from other dimensions to stop a threat for all realities.",117,,Animation,,PG,8.4,Spider-Man: Into the Spider-Verse
"Sigourney Weaver,Michael Biehn,Carrie Henn",,1986,"Fifty-seven years after surviving an apocalyptic attack aboard her space vessel by merciless space creatures, Officer Ripley awakens from hyper-sleep and tries to warn anyone who will listen about the predators.",137,,Action,,R,8.4,Aliens
"Tyrone Power,Marlene Dietrich,Charles Laughton",,1957,A veteran British barrister must defend his client in a murder trial that has surprise after surprise.,116,,Crime,,Approved,8.4,Witness for the Prosecution
"Robert Downey Jr.,Chris Hemsworth,Mark Ruffalo",,2018,The Avengers and their allies must be willing to sacrifice all in an attempt to defeat the powerful Thanos before his blitz of devastation and ruin puts an end to the universe.,149,,Action,,PG-13,8.4,Avengers: Infinity War
"Charles Chaplin,Paulette Goddard,Jack Oakie",,1940,Dictator Adenoid Hynkel tries to expand his empire while a poor Jewish barber tries to avoid persecution from Hynkel's regime.,125,,Comedy,,G,8.4,The Great Dictator
"Jack Nicholson,Shelley Duvall,Danny Lloyd",,1980,"A family heads to an isolated hotel for the winter where a sinister presence influences the father into violence, while his psychic son sees horrific forebodings from both past and future.",146,,Drama,,R,8.4,The Shining
"Kirk Douglas,Ralph Meeker,Adolphe Menjou",,1957,"After refusing to attack an enemy position, a general accuses the soldiers of cowardice and their commanding officer must defend them.",88,,Drama,,Approved,8.4,Paths of Glory
"William Holden,Gloria Swanson,Erich von Stroheim",,1950,A screenwriter develops a dangerous relationship with a faded film star determined to make a triumphant return.,110,,Drama,,Passed,8.4,Sunset Blvd.
"Ulrich Mühe,Martina Gedeck,Sebastian Koch",,2006,,137,,Drama,,R,8.4,The Lives of Others
"Ben Burtt,Elissa Knight,Jeff Garlin",,2008,"In the distant future, a small waste-collecting robot inadvertently embarks on a space journey that will ultimately decide the fate of mankind.",98,,Animation,,G,8.4,WALL·E
"Jamie Foxx,Christoph Waltz,Leonardo DiCaprio",,2012,"With the help of a German bounty-hunter, a freed slave sets out to rescue his wife from a brutal plantation-owner in Mississippi.",165,,Drama,,R,8.4,Django Unchained
"Harrison Ford,Karen Allen,Paul Freeman",,1981,"Archaeology professor Indiana Jones ventures to seize a biblical artefact known as the Ark of the Covenant. While doing so, he puts up a fight against Renee and a troop of Nazis.",115,,Action,,PG,8.4,Indiana Jones and the Raiders of the Lost Ark
"Guy Pearce,Carrie-Anne Moss,Joe Pantoliano",,2000,A man with short-term memory loss attempts to track down his wife's murderer.,113,,Mystery,,R,8.4,Memento
"Martin Sheen,Marlon Brando,Robert Duvall",,1979,A U.S. Army officer serving in Vietnam is tasked with assassinating a renegade Special Forces Colonel who sees himself as a god.,147,,Drama,,R,8.5,Apocalypse Now
"Charles Chaplin,Virginia Cherrill,Florence Lee",,1931,,87,,Comedy,,G,8.5,City Lights
"Sigourney Weaver,Tom Skerritt,John Hurt",,1979,The crew of a commercial spacecraft encounter a deadly lifeform after investigating an unknown transmission.,117,,Horror,,R,8.5,Alien
"Philippe Noiret,Enzo Cannavale,Antonella Attili",,1988,A filmmaker recalls his childhood when falling in love with the pictures at the cinema of his home village and forms a deep friendship with the cinema's projectionist.,155,,Drama,,PG,8.5,Cinema Paradiso
"James Stewart,Grace Kelly,Wendell Corey",,1954,"A wheelchair-bound photographer spies on his neighbors from his Greenwich Village courtyard apartment window, and becomes convinced one of them has committed murder, despite the skepticism of his fashion-model girlfriend.",112,,Mystery,,PG,8.5,Rear Window
"Henry Fonda,Charles Bronson,Claudia Cardinale",,1968,A mysterious stranger with a harmonica joins forces with a notorious desperado to protect a beautiful widow from a ruthless assassin working for the railroad.,165,,Western,,PG-13,8.5,Once Upon a Time in the West
"Charles Chaplin,Paulette Goddard,Henry Bergman",,1936,The Tramp struggles to live in modern industrial society with the help of a young homeless woman.,87,,Comedy,,G,8.5,Modern Times
"François Cluzet,Omar Sy,Anne Le Ny",,2011,"After he becomes a quadriplegic from a paragliding accident, an aristocrat hires a young man from the projects to be his caregiver.",112,,Biography,,R,8.5,The Intouchables
"Tsutomu Tatsumi,Ayano Shiraishi,Akemi Yamaguchi",,1988,A young boy and his little sister struggle to survive in Japan during World War II.,89,,Animation,,Not Rated,8.5,Grave of the Fireflies
"Tatsuya Nakadai,Akira Ishihama,Shima Iwashita",,1962,,133,,Action,,Not Rated,8.6,Harakiri
"Humphrey Bogart,Ingrid Bergman,Paul Henreid",,1942,A cynical expatriate American cafe owner struggles to decide whether or not to help his former lover and her fugitive husband escape the Nazis in French Morocco.,102,,Drama,,PG,8.5,Casablanca
"Miles Teller,J.K. Simmons,Melissa Benoist",,2014,A promising young drummer enrolls at a cut-throat music conservatory where his dreams of greatness are mentored by an instructor who will stop at nothing to realize a student's potential.,106,,Drama,,R,8.5,Whiplash
"Christian Bale,Hugh Jackman,Scarlett Johansson",,2006,"After a tragic accident, two stage magicians in 1890s London engage in a battle to create the ultimate illusion while sacrificing everything they have to outwit each other.",130,,Drama,,PG-13,8.5,The Prestige
"Kevin Spacey,Gabriel Byrne,Chazz Palminteri",,1995,"A sole survivor tells of the twisty events leading up to a horrific gun battle on a boat, which began when five criminals met at a seemingly random police lineup.",106,,Crime,,R,8.5,The Usual Suspects
"Leonardo DiCaprio,Matt Damon,Jack Nicholson",,2006,An undercover cop and a mole in the police attempt to identify each other while infiltrating an Irish gang in South Boston.,151,,Crime,,R,8.5,The Departed
"Edward Norton,Edward Furlong,Beverly D'Angelo",,1998,A former neo-nazi skinhead tries to prevent his younger brother from going down the same wrong path that he did.,119,,Crime,,R,8.5,American History X
"Russell Crowe,Joaquin Phoenix,Connie Nielsen",,2000,A former Roman General sets out to exact vengeance against the corrupt emperor who murdered his family and sent him into slavery.,155,,Action,,R,8.5,Gladiator
"James Stewart,Donna Reed,Lionel Barrymore",,1946,An angel is sent from Heaven to help a desperately frustrated businessman by showing him what life would have been like if he had never existed.,130,,Drama,,PG,8.6,It's a Wonderful Life
"Toshirô Mifune,Takashi Shimura,Keiko Tsushima",,1954,"Farmers from a village exploited by bandits hire a veteran samurai for protection, who gathers six other samurai to join him.",207,,Action,,Not Rated,8.6,Seven Samurai
"Morgan Freeman,Brad Pitt,Kevin Spacey",,1995,"Two detectives, a rookie and a veteran, hunt a serial killer who uses the seven deadly sins as his motives.",127,,Crime,,R,8.6,Se7en
"Jack Nicholson,Louise Fletcher,Michael Berryman",,1975,"In the Fall of 1963, a Korean War veteran and criminal pleads insanity and is admitted to a mental institution, where he rallies up the scared patients against the tyrannical nurse.",133,,Drama,,R,8.7,One Flew Over the Cuckoo's Nest
"Robert De Niro,Ray Liotta,Joe Pesci",,1990,"The story of Henry Hill and his life in the mob, covering his relationship with his wife Karen Hill and his mob partners Jimmy Conway and Tommy DeVito in the Italian-American crime syndicate.",145,,Biography,,R,8.7,Goodfellas
"Keanu Reeves,Laurence Fishburne,Carrie-Anne Moss",,1999,"When a beautiful stranger leads computer hacker Neo to a forbidding underworld, he discovers the shocking truth--the life he knows is the elaborate deception of an evil cyber-intelligence.",136,,Action,,R,8.7,The Matrix
"Mark Hamill,Harrison Ford,Carrie Fisher",,1980,"After the Rebels are brutally overpowered by the Empire on the ice planet Hoth, Luke Skywalker begins Jedi training with Yoda, while his friends are pursued across the galaxy by Darth Vader and bounty hunter Boba Fett.",124,,Action,,PG,8.7,Star Wars: Episode V - The Empire Strikes Back
"Leonardo DiCaprio,Joseph Gordon-Levitt,Elliot Page",,2010,"A thief who steals corporate secrets through the use of dream-sharing technology is given the inverse task of planting an idea into the mind of a C.E.O., but his tragic past may doom the project and his team to disaster.",148,,Action,,PG-13,8.8,Inception
"Elijah Wood,Ian McKellen,Viggo Mortensen",,2002,"While Frodo and Sam edge closer to Mordor with the help of the shifty Gollum, the divided fellowship makes a stand against Sauron's new ally, Saruman, and his hordes of Isengard.",179,,Action,,PG-13,8.8,The Lord of the Rings: The Two Towers
"Brad Pitt,Edward Norton,Meat Loaf",,1999,An insomniac office worker and a devil-may-care soap maker form an underground fight club that evolves into much more.,139,,Drama,,R,8.8,Fight Club
"Tom Hanks,Robin Wright,Gary Sinise",,1994,"The presidencies of Kennedy and Johnson, the Vietnam War, the Watergate scandal and other historical events unfold from the perspective of an Alabama man with an IQ of 75, whose only desire is to be reunited with his childhood sweetheart.",142,,Drama,,PG-13,8.8,Forrest Gump
"Clint Eastwood,Eli Wallach,Lee Van Cleef",,1966,A bounty hunting scam joins two men in an uneasy alliance against a third in a race to find a fortune in gold buried in a remote cemetery.,178,,Adventure,,R,8.8,"The Good, the Bad and the Ugly"
"Elijah Wood,Ian McKellen,Orlando Bloom",,2001,A meek Hobbit from the Shire and eight companions set out on a journey to destroy the powerful One Ring and save Middle-earth from the Dark Lord Sauron.,178,,Action,,PG-13,8.8,The Lord of the Rings: The Fellowship of the Ring
"John Travolta,Uma Thurman,Samuel L. Jackson",,1994,"The lives of two mob hitmen, a boxer, a gangster and his wife, and a pair of diner bandits intertwine in four tales of violence and redemption.",154,,Crime,,R,8.9,Pulp Fiction
"Elijah Wood,Viggo Mortensen,Ian McKellen",,2003,Gandalf and Aragorn lead the World of Men against Sauron's army to draw his gaze from Frodo and Sam as they approach Mount Doom with the One Ring.,201,,Action,,PG-13,9.0,The Lord of the Rings: The Return of the King
"Liam Neeson,Ralph Fiennes,Ben Kingsley",,1993,"In German-occupied Poland during World War II, industrialist Oskar Schindler gradually becomes concerned for his Jewish workforce after witnessing their persecution by the Nazis.",195,,Biography,,R,9.0,Schindler's List
"Henry Fonda,Lee J. Cobb,Martin Balsam",,1957,The jury in a New York City murder trial is frustrated by a single member whose skeptical caution forces them to more carefully consider the evidence before jumping to a hasty verdict.,96,,Crime,,Approved,9.0,12 Angry Men
"Al Pacino,Robert De Niro,Robert Duvall",,1974,"The early life and career of Vito Corleone in 1920s New York City is portrayed, while his son, Michael, expands and tightens his grip on the family crime syndicate.",202,,Crime,,R,9.0,The Godfather Part II
"Christian Bale,Heath Ledger,Aaron Eckhart",,2008,"When the menace known as the Joker wreaks havoc and chaos on the people of Gotham, Batman must accept one of the greatest psychological and physical tests of his ability to fight injustice.",152,,Action,,PG-13,9.0,The Dark Knight
"Marlon Brando,Al Pacino,James Caan",,1972,The aging patriarch of an organized crime dynasty in postwar New York City transfers control of his clandestine empire to his reluctant youngest son.,175,,Crime,,R,9.2,The Godfather
